,code,year,gii,gii_rank,lfpr_f,lfpr_m,pr_f,pr_m,se_f,se_m
0,DEU,1990,0.183,NAN,45.352,71.957,25.50607287,74.49392713,50.50348575,58.51593394
1,DEU,1991,0.172,NAN,48.097,71.805,25.50607287,74.49392713,53.22950053,61.6693047
2,DEU,1992,0.162,NAN,47.859,70.594,25.50607287,74.49392713,55.95551531,64.82267546
3,DEU,1993,0.152,NAN,47.614,69.96,25.50607287,74.49392713,58.68153009,67.97604623
4,DEU,1994,0.144,NAN,47.794,69.43,25.50607287,74.49392713,61.40754487,71.12941699
5,DEU,1995,0.14,NAN,47.698,68.595,25.50607287,74.49392713,64.13355965,74.28278775
6,DEU,1996,0.14,NAN,47.857,68.17,25.50607287,74.49392713,66.18709727,77.28589429
7,DEU,1997,0.139,NAN,48.209,67.891,25.50607287,74.49392713,68.2406349,80.28900084
8,DEU,1998,0.136,NAN,48.432,67.65,25.50607287,74.49392713,70.29417252,83.29210739
9,DEU,1999,0.127,NAN,48.996,67.416,29.8102981,70.1897019,72.34771015,86.29521393
10,DEU,2000,0.133,NAN,48.873,66.678,30.35230352,69.64769648,74.40124777,89.29832048
11,DEU,2001,0.129,NAN,49.313,66.23,30.47619048,69.52380952,80.19177254,91.46299627
12,DEU,2002,0.121,NAN,49.376,65.711,31.39880952,68.60119048,85.98229732,93.62767205
13,DEU,2003,0.114,NAN,49.757,65.392,31.39880952,68.60119048,91.77282209,95.79234784
14,DEU,2004,0.107,NAN,49.453,64.77,32.81938326,67.18061674,97.56334686,97.95702362
15,DEU,2005,0.108,NAN,51.123,66.179,30.45387994,69.54612006,96.50746918,97.32512665
16,DEU,2006,0.105,NAN,52.001,66.347,30.60029283,69.39970717,96.60812378,97.28188324
17,DEU,2007,0.105,NAN,52.428,66.273,30.64516129,69.35483871,96.75849152,97.43546295
18,DEU,2008,0.103,NAN,52.537,66.332,31.13069016,68.86930984,96.38516235,97.11882019
19,DEU,2009,0.098,NAN,52.935,66.209,31.69319826,68.30680174,96.3602829,97.07700348
20,DEU,2010,0.096,NAN,53.041,66.046,31.69319826,68.30680174,96.12998199,96.94281769
21,DEU,2011,0.09,NAN,53.991,66.516,32.36574746,67.63425254,96.36663818,97.08213806
22,DEU,2012,0.087,NAN,54.024,66.433,32.36574746,67.63425254,96.38565826,97.09645081
23,DEU,2013,0.078,NAN,54.583,66.411,35.57142857,64.42857143,96.36168671,96.99919891
24,DEU,2014,0.078,NAN,54.774,66.324,35.57142857,64.42857143,96.52570343,97.09033966
25,DEU,2015,0.078,NAN,54.719,65.88,36.85714286,63.14285714,96.43984222,97.00937653
26,DEU,2016,0.085,NAN,55.669,66.595,36.85714286,63.14285714,96.21295929,96.82961273
27,DEU,2017,0.087,NAN,55.927,66.724,31.49100257,68.50899743,96.16706467,96.6905098
28,DEU,2018,0.083,NAN,55.968,66.812,31.49100257,68.50899743,96.12117004,96.55140686
29,DEU,2019,0.079,NAN,56.593,67.456,31.61953728,68.38046272,96.07321988,96.46214387
30,DEU,2020,0.077,NAN,56.838,66.54,31.61953728,68.38046272,96.07321988,96.46214387
31,DEU,2021,0.073,19,56.843,66.041,34.7826087,65.2173913,96.07321988,96.46214387
32,CHN,1990,NAN,NAN,73.022,85.033,NAN,NAN,28.51492433,43.73214098
33,CHN,1991,NAN,NAN,72.778,84.827,NAN,NAN,29.92116718,45.40012011
34,CHN,1992,NAN,NAN,72.532,84.62,NAN,NAN,31.32741003,47.06809924
35,CHN,1993,NAN,NAN,72.285,84.411,NAN,NAN,32.73365288,48.73607837
36,CHN,1994,NAN,NAN,72.037,84.199,NAN,NAN,34.13989573,50.4040575
37,CHN,1995,NAN,NAN,71.788,83.986,NAN,NAN,35.54613858,52.07203663
38,CHN,1996,NAN,NAN,71.538,83.77,NAN,NAN,37.11240906,53.8137496
39,CHN,1997,NAN,NAN,71.286,83.553,NAN,NAN,38.67867954,55.55546258
40,CHN,1998,0.278,NAN,71.033,83.332,21.81940248,78.18059752,40.24495003,57.29717555
41,CHN,1999,0.275,NAN,70.778,83.109,21.81940248,78.18059752,41.81122051,59.03888853
42,CHN,2000,0.275,NAN,70.522,82.883,21.78284182,78.21715818,43.377491,60.7806015
43,CHN,2001,0.271,NAN,69.868,82.441,21.78284182,78.21715818,44.90488777,61.88845367
44,CHN,2002,0.264,NAN,69.206,81.989,21.78284182,78.21715818,46.43228455,62.99630585
45,CHN,2003,0.263,NAN,68.536,81.528,20.23450586,79.76549414,47.95968132,64.10415802
46,CHN,2004,0.259,NAN,67.857,81.057,20.23450586,79.76549414,49.48707809,65.21201019
47,CHN,2005,0.26,NAN,67.17,80.577,20.26845638,79.73154362,51.01447487,66.31986237
48,CHN,2006,0.258,NAN,66.476,80.087,20.26845638,79.73154362,52.54187164,67.42771454
49,CHN,2007,0.256,NAN,65.774,79.588,20.62099224,79.37900776,54.06926842,68.53556671
50,CHN,2008,0.257,NAN,65.065,79.079,21.32574489,78.67425511,55.59666519,69.64341888
51,CHN,2009,0.255,NAN,64.349,78.56,21.32574489,78.67425511,57.12406197,70.75127106
52,CHN,2010,0.253,NAN,63.626,78.033,21.32574489,78.67425511,58.65145874,71.85912323
53,CHN,2011,0.245,NAN,63.816,78.068,21.32303559,78.67696441,61.44152813,73.74905684
54,CHN,2012,0.245,NAN,63.681,77.71,21.32303559,78.67696441,64.23159753,75.63899045
55,CHN,2013,0.235,NAN,63.567,77.351,23.40140609,76.59859391,67.02166692,77.52892407
56,CHN,2014,0.233,NAN,63.568,77.116,23.40140609,76.59859391,69.81173631,79.41885768
57,CHN,2015,0.224,NAN,63.565,76.866,23.62284556,76.37715444,72.6018057,81.30879129
58,CHN,2016,0.221,NAN,63.468,76.489,23.62284556,76.37715444,74.02184102,82.32019333
59,CHN,2017,0.217,NAN,63.292,75.992,24.24760602,75.75239398,75.44187634,83.33159537
60,CHN,2018,0.206,NAN,63.114,75.477,24.89932886,75.10067114,76.86191166,84.34299741
61,CHN,2019,0.203,NAN,63.014,75.063,24.94117647,75.05882353,78.28194698,85.35439944
62,CHN,2020,0.197,NAN,61.818,74.47,24.94117647,75.05882353,78.28194698,85.35439944
63,CHN,2021,0.192,48,61.612,74.29,24.94117647,75.05882353,78.28194698,85.35439944
64,TUR,1990,0.611,NAN,34.306,80.065,2.363636364,97.63636364,11.50888714,24.9223825
65,TUR,1991,0.612,NAN,34.376,80.814,2.363636364,97.63636364,11.82701898,26.05410535
66,TUR,1992,0.608,NAN,32.968,80.244,2.363636364,97.63636364,12.14515082,27.1858282
67,TUR,1993,0.621,NAN,27.007,78.661,2.363636364,97.63636364,12.46328266,28.31755104
68,TUR,1994,0.608,NAN,31.51,79.067,2.363636364,97.63636364,12.7814145,29.44927389
69,TUR,1995,0.604,NAN,31.16,78.384,2.363636364,97.63636364,13.09954634,30.58099674
70,TUR,1996,0.6,NAN,30.809,77.945,2.363636364,97.63636364,13.86306275,31.24948528
71,TUR,1997,0.599,NAN,29.058,77.382,2.363636364,97.63636364,14.62657917,31.91797381
72,TUR,1998,0.593,NAN,29.519,77.42,2.363636364,97.63636364,15.39009558,32.58646235
73,TUR,1999,0.554,NAN,30.249,76.454,4.181818182,95.81818182,16.153612,33.25495089
74,TUR,2000,0.553,NAN,26.825,74.427,4.181818182,95.81818182,16.91712841,33.92343942
75,TUR,2001,0.548,NAN,27.398,73.562,4.181818182,95.81818182,17.68625892,34.95535976
76,TUR,2002,0.533,NAN,28.167,72.259,4.181818182,95.81818182,18.45538942,35.98728009
77,TUR,2003,0.527,NAN,26.834,71.103,4.363636364,95.63636364,19.22451993,37.01920042
78,TUR,2004,0.533,NAN,23.424,70.562,4.363636364,95.63636364,19.99365044,38.05112076
79,TUR,2005,0.531,NAN,23.39,70.852,4.363636364,95.63636364,20.93502998,40.22201157
80,TUR,2006,0.52,NAN,23.178,69.212,4.363636364,95.63636364,22.18918991,41.30467987
81,TUR,2007,0.465,NAN,23.257,69.179,9.107468124,90.89253188,22.85623932,41.83895111
82,TUR,2008,0.451,NAN,24.147,69.585,9.107468124,90.89253188,26.75263977,43.347229
83,TUR,2009,0.437,NAN,25.654,69.785,9.107468124,90.89253188,28.08950996,45.0097084
84,TUR,2010,0.422,NAN,27.255,70.294,9.107468124,90.89253188,35.8341713,57.61798859
85,TUR,2011,0.382,NAN,28.568,71.328,14.18181818,85.81818182,38.87971878,60.89220047
86,TUR,2012,0.37,NAN,29.219,70.774,14.18181818,85.81818182,40.27996826,62.26953125
87,TUR,2013,0.354,NAN,30.483,71.298,14.41605839,85.58394161,41.84640884,63.77928162
88,TUR,2014,0.346,NAN,30.448,71.73,14.41605839,85.58394161,44.24388123,65.92519379
89,TUR,2015,0.335,NAN,31.608,72.021,14.90909091,85.09090909,45.76905823,67.17066193
90,TUR,2016,0.323,NAN,32.621,72.417,14.90909091,85.09090909,48.50621033,69.44422913
91,TUR,2017,0.311,NAN,33.735,72.883,14.571949,85.428051,50.62900162,71.37006378
92,TUR,2018,0.286,NAN,34.31,72.992,17.44966443,82.55033557,53.46543121,73.65579605
93,TUR,2019,0.277,NAN,34.462,72.28,17.44966443,82.55033557,56.30186081,75.94152832
94,TUR,2020,0.277,NAN,30.992,68.495,17.31748727,82.68251273,56.30186081,75.94152832
95,TUR,2021,0.272,65,31.843,69.407,17.33333333,82.66666667,56.30186081,75.94152832
96,NGA,1990,NAN,NAN,56.391,64.981,NAN,NAN,NAN,NAN
97,NGA,1991,NAN,NAN,56.408,64.936,NAN,NAN,NAN,NAN
98,NGA,1992,NAN,NAN,56.454,64.822,NAN,NAN,NAN,NAN
99,NGA,1993,NAN,NAN,56.524,64.652,NAN,NAN,NAN,NAN
100,NGA,1994,NAN,NAN,56.612,64.438,NAN,NAN,NAN,NAN
101,NGA,1995,NAN,NAN,56.713,64.192,NAN,NAN,NAN,NAN
102,NGA,1996,NAN,NAN,56.745,64.109,NAN,NAN,NAN,NAN
103,NGA,1997,NAN,NAN,56.797,63.981,NAN,NAN,NAN,NAN
104,NGA,1998,NAN,NAN,56.861,63.823,NAN,NAN,NAN,NAN
105,NGA,1999,NAN,NAN,56.928,63.658,NAN,NAN,NAN,NAN
106,NGA,2000,NAN,NAN,56.993,63.501,3.267973856,96.73202614,NAN,NAN
107,NGA,2001,NAN,NAN,56.974,63.539,3.267973856,96.73202614,NAN,NAN
108,NGA,2002,NAN,NAN,56.965,63.557,3.267973856,96.73202614,NAN,NAN
109,NGA,2003,0.704,NAN,56.96,63.563,4.282655246,95.71734475,21.204813,38.39901733
110,NGA,2004,0.702,NAN,56.958,63.565,4.264392324,95.73560768,22.49063835,39.52296829
111,NGA,2005,0.689,NAN,56.956,63.565,5.756929638,94.24307036,23.7764637,40.64691925
112,NGA,2006,0.688,NAN,56.896,63.7,5.543710021,94.45628998,25.06228905,41.77087021
113,NGA,2007,0.675,NAN,56.854,63.795,7.280513919,92.71948608,26.3481144,42.89482117
114,NGA,2008,0.674,NAN,56.823,63.863,7.280513919,92.71948608,27.63393974,44.01877213
115,NGA,2009,0.673,NAN,56.8,63.913,7.280513919,92.71948608,28.15209007,44.51101227
116,NGA,2010,0.672,NAN,56.784,63.948,7.280513919,92.71948608,28.6702404,45.00325241
117,NGA,2011,0.676,NAN,56.742,64.042,6.724511931,93.27548807,29.18839073,45.49549255
118,NGA,2012,0.677,NAN,54.186,61.499,6.609808102,93.3901919,29.70654106,45.9877327
119,NGA,2013,0.677,NAN,51.608,58.893,6.609808102,93.3901919,30.22469139,46.47997284
120,NGA,2014,0.675,NAN,51.189,59.19,6.609808102,93.3901919,31.87157135,47.92585983
121,NGA,2015,0.676,NAN,50.77,59.486,5.769230769,94.23076923,33.51845131,49.37174683
122,NGA,2016,0.672,NAN,50.352,59.781,5.769230769,94.23076923,35.16533127,50.81763382
123,NGA,2017,0.67,NAN,49.934,60.076,5.769230769,94.23076923,36.81221123,52.26352081
124,NGA,2018,0.67,NAN,49.516,60.371,5.769230769,94.23076923,38.45909119,53.70940781
125,NGA,2019,0.683,NAN,49.098,60.665,4.112554113,95.88744589,40.35792136,55.28503224
126,NGA,2020,0.68,NAN,47.593,59.216,4.47761194,95.52238806,40.35792136,55.28503224
127,NGA,2021,0.68,168,47.93,59.591,4.47761194,95.52238806,40.35792136,55.28503224
128,PER,1990,0.576,NAN,43.658,75.148,10.83333333,89.16666667,38.65802822,51.23801076
129,PER,1991,0.572,NAN,43.747,75.091,10.83333333,89.16666667,39.91509265,52.22238081
130,PER,1992,0.566,NAN,43.512,74.904,10.83333333,89.16666667,41.21303374,53.22566229
131,PER,1993,0.56,NAN,44.845,75.427,10.83333333,89.16666667,42.55318069,54.24821854
132,PER,1994,0.552,NAN,46.179,75.931,10.83333333,89.16666667,43.93690595,55.29041984
133,PER,1995,0.544,NAN,49.199,77.139,10.83333333,89.16666667,45.3206312,56.33262114
134,PER,1996,0.538,NAN,51.749,77.33,10.83333333,89.16666667,46.70435645,57.37482244
135,PER,1997,0.532,NAN,54.273,77.499,10.83333333,89.16666667,48.08808171,58.41702375
136,PER,1998,0.526,NAN,55.073,79.019,10.83333333,89.16666667,49.47180696,59.45922505
137,PER,1999,0.518,NAN,57.729,78.926,10.83333333,89.16666667,50.85553221,60.50142635
138,PER,2000,0.518,NAN,53.617,78.32,10.83333333,89.16666667,52.23925747,61.54362765
139,PER,2001,0.478,NAN,58.659,79.227,18.33333333,81.66666667,53.62298272,62.58582895
140,PER,2002,0.471,NAN,60.692,80.742,18.33333333,81.66666667,55.00670797,63.62803026
141,PER,2003,0.465,NAN,62.687,82.175,18.33333333,81.66666667,56.39043322,64.67023156
142,PER,2004,0.463,NAN,64.636,83.524,18.33333333,81.66666667,57.77415848,65.71243286
143,PER,2005,0.462,NAN,66.535,84.792,18.33333333,81.66666667,45.90652847,54.74044037
144,PER,2006,0.434,NAN,68.278,85.888,29.16666667,70.83333333,44.61198044,55.24261856
145,PER,2007,0.431,NAN,70.543,87.046,29.16666667,70.83333333,46.98519135,58.71847916
146,PER,2008,0.428,NAN,70.737,87.04,29.16666667,70.83333333,47.54634857,58.71595001
147,PER,2009,0.428,NAN,71.04,87.226,27.5,72.5,47.34243011,59.12194824
148,PER,2010,0.423,NAN,72.551,87.131,27.5,72.5,53.21937943,65.22878265
149,PER,2011,0.436,NAN,71.856,86.896,21.53846154,78.46153846,54.18418884,65.09803772
150,PER,2012,0.433,NAN,70.964,86.167,21.53846154,78.46153846,56.3102684,66.11092377
151,PER,2013,0.43,NAN,70.257,85.701,21.53846154,78.46153846,57.27896881,66.69277191
152,PER,2014,0.427,NAN,69.363,85.02,22.30769231,77.69230769,56.29190063,67.5848999
153,PER,2015,0.425,NAN,67.722,84.374,22.30769231,77.69230769,57.157341,67.50489807
154,PER,2016,0.408,NAN,69.07,84.835,27.69230769,72.30769231,57.75981013,68.13180796
155,PER,2017,0.404,NAN,69.421,84.787,27.69230769,72.30769231,58.36227926,68.75871785
156,PER,2018,0.403,NAN,69.867,84.669,27.69230769,72.30769231,58.96474838,69.38562775
157,PER,2019,0.397,NAN,70.043,84.834,30,70,59.31188046,69.93792068
158,PER,2020,0.409,NAN,56.92,73.745,26.15384615,73.84615385,59.31188046,69.93792068
159,PER,2021,0.38,90,66.069,81.875,40,60,59.31188046,69.93792068
160,IRN,1990,0.708,NAN,10,81.763,4.887218045,95.11278195,26.76286389,42.39185154
161,IRN,1991,0.695,NAN,10.041,80.868,4.887218045,95.11278195,28.53322387,44.17282485
162,IRN,1992,0.684,NAN,10.142,79.572,4.887218045,95.11278195,30.30358386,45.95379816
163,IRN,1993,0.671,NAN,10.245,78.264,4.887218045,95.11278195,32.07394385,47.73477147
164,IRN,1994,0.655,NAN,10.354,76.969,4.887218045,95.11278195,33.84430384,49.51574478
165,IRN,1995,0.642,NAN,10.471,75.695,4.887218045,95.11278195,35.61466383,51.29671809
166,IRN,1996,0.629,NAN,10.593,74.428,4.887218045,95.11278195,38.33105993,52.87850359
167,IRN,1997,0.612,NAN,11.333,74.26,4.887218045,95.11278195,41.04745604,54.4602891
168,IRN,1998,0.596,NAN,12.114,74.061,4.887218045,95.11278195,43.76385215,56.0420746
169,IRN,1999,0.581,NAN,12.934,73.814,4.887218045,95.11278195,46.48024826,57.62386011
170,IRN,2000,0.583,NAN,13.79,73.51,3.448275862,96.55172414,49.19664436,59.20564561
171,IRN,2001,0.57,NAN,14.682,73.145,3.448275862,96.55172414,51.39299722,61.38499453
172,IRN,2002,0.547,NAN,15.61,72.73,4.137931034,95.86206897,53.58935008,63.56434345
173,IRN,2003,0.536,NAN,16.578,72.279,4.137931034,95.86206897,55.78570294,65.74369237
174,IRN,2004,0.524,NAN,17.588,71.814,4.137931034,95.86206897,57.9820558,67.92304129
175,IRN,2005,0.513,NAN,18.645,71.344,4.137931034,95.86206897,60.17840867,70.1023902
176,IRN,2006,0.51,NAN,18.033,70.334,4.137931034,95.86206897,63.81317902,71.29517365
177,IRN,2007,0.511,NAN,17.019,69.679,4.137931034,95.86206897,60.27154541,67.13075638
178,IRN,2008,0.541,NAN,14.807,67.618,2.797202797,97.2027972,56.7299118,62.96633911
179,IRN,2009,0.53,NAN,15.774,68.655,2.75862069,97.24137931,58.34539604,63.81087112
180,IRN,2010,0.525,NAN,15.239,67.748,2.75862069,97.24137931,59.96088028,64.65540314
181,IRN,2011,0.527,NAN,13.74,66.024,2.75862069,97.24137931,60.8694458,65.97778702
182,IRN,2012,0.514,NAN,14.785,66.079,3.103448276,96.89655172,61.77801132,67.3001709
183,IRN,2013,0.525,NAN,13.315,67.427,3.103448276,96.89655172,64.89201355,70.21543884
184,IRN,2014,0.527,NAN,12.929,67.131,3.103448276,96.89655172,65.76885986,70.86891174
185,IRN,2015,0.514,NAN,14.283,67.987,3.103448276,96.89655172,66.56102371,71.45729446
186,IRN,2016,0.457,NAN,16.131,68.65,5.882352941,94.11764706,67.35318756,72.04567719
187,IRN,2017,0.455,NAN,17.351,69.765,5.882352941,94.11764706,68.73784997,73.33102103
188,IRN,2018,0.452,NAN,17.44,70.298,5.882352941,94.11764706,70.15097859,74.63929629
189,IRN,2019,0.447,NAN,16.928,70.176,5.882352941,94.11764706,71.59315863,75.97091206
190,IRN,2020,0.465,NAN,13.835,67.829,5.594405594,94.40559441,71.59315863,75.97091206
191,IRN,2021,0.459,115,14.354,68.086,5.594405594,94.40559441,71.59315863,75.97091206
192,USA,1990,0.294,NAN,56.539,74.957,11.21495327,88.78504673,90.87353431,81.47627712
193,USA,1991,0.296,NAN,56.428,74.441,11.21495327,88.78504673,90.99532064,83.85218007
194,USA,1992,0.295,NAN,56.942,74.511,11.21495327,88.78504673,91.11710697,86.22808302
195,USA,1993,0.294,NAN,57.058,74.095,11.21495327,88.78504673,91.2388933,88.60398597
196,USA,1994,0.299,NAN,57.946,73.84,11.21495327,88.78504673,91.36067963,90.97988892
197,USA,1995,0.295,NAN,58.142,73.774,11.21495327,88.78504673,91.61396637,91.23383789
198,USA,1996,0.291,NAN,58.443,73.755,11.21495327,88.78504673,91.86725311,91.48778687
199,USA,1997,0.282,NAN,58.983,73.814,11.21495327,88.78504673,92.12053986,91.74173584
200,USA,1998,0.28,NAN,58.937,73.628,11.21495327,88.78504673,92.3738266,91.99568481
201,USA,1999,0.277,NAN,59.112,73.463,12.52336449,87.47663551,92.62711334,92.24963379
202,USA,2000,0.275,NAN,59.025,73.527,12.52336449,87.47663551,92.88040009,92.50358276
203,USA,2001,0.271,NAN,58.87,73.161,13.8317757,86.1682243,93.13368683,92.75753174
204,USA,2002,0.267,NAN,58.706,72.824,13.64485981,86.35514019,93.38697357,93.01148071
205,USA,2003,0.262,NAN,58.584,72.212,14.01869159,85.98130841,93.64026031,93.26542969
206,USA,2004,0.258,NAN,58.242,72.024,14.76635514,85.23364486,93.89354706,93.51937866
207,USA,2005,0.256,NAN,58.326,71.984,14.95327103,85.04672897,93.88050842,93.49588013
208,USA,2006,0.257,NAN,58.428,72.12,16.26168224,83.73831776,94.46581268,93.89037323
209,USA,2007,0.257,NAN,58.366,71.878,16.63551402,83.36448598,94.58776474,94.06707764
210,USA,2008,0.254,NAN,58.525,71.608,17.00934579,82.99065421,94.7097168,94.24378204
211,USA,2009,0.256,NAN,58.249,70.604,16.51031895,83.48968105,94.71217346,94.34481049
212,USA,2010,0.248,NAN,57.691,69.87,16.82242991,83.17757009,94.93398285,94.59259033
213,USA,2011,0.241,NAN,57.18,69.208,16.85393258,83.14606742,95.04402161,94.75115204
214,USA,2012,0.235,NAN,56.776,68.909,18.35205993,81.64794007,95.143013,94.8125
215,USA,2013,0.229,NAN,56.315,68.504,18.23308271,81.76691729,95.3915863,95.0018692
216,USA,2014,0.217,NAN,56.093,68.009,19.43925234,80.56074766,95.42984772,95.0836792
217,USA,2015,0.219,NAN,55.815,67.855,19.47565543,80.52434457,95.4783783,95.17978668
218,USA,2016,0.216,NAN,55.938,68.005,19.54887218,80.45112782,95.70406342,95.45690155
219,USA,2017,0.209,NAN,56.184,67.902,19.66292135,80.33707865,95.89001083,95.71805954
220,USA,2018,0.192,NAN,56.237,67.902,23.59550562,76.40449438,96.07595825,95.97921753
221,USA,2019,0.189,NAN,56.596,68.019,23.72881356,76.27118644,96.31215286,96.1729393
222,USA,2020,0.178,NAN,55.39,66.567,27.09923664,72.90076336,96.54834747,96.36666107
223,USA,2021,0.179,44,55.227,66.437,26.96629213,73.03370787,96.54834747,96.36666107
224,SRB,1990,NAN,NAN,49.111,66.599,NAN,NAN,26.64489229,44.30044388
225,SRB,1991,NAN,NAN,49.518,66.957,NAN,NAN,27.99190316,45.44917747
226,SRB,1992,NAN,NAN,49.716,67.128,NAN,NAN,29.33891403,46.59791107
227,SRB,1993,NAN,NAN,49.755,67.162,NAN,NAN,30.6859249,47.74664466
228,SRB,1994,NAN,NAN,49.509,66.951,NAN,NAN,32.03293578,48.89537825
229,SRB,1995,NAN,NAN,49.195,66.677,NAN,NAN,33.37994665,50.04411185
230,SRB,1996,NAN,NAN,48.771,66.3,NAN,NAN,34.88282358,51.45850154
231,SRB,1997,NAN,NAN,48.322,65.891,NAN,NAN,36.38570051,52.87289123
232,SRB,1998,NAN,NAN,48.113,65.698,NAN,NAN,37.88857744,54.28728091
233,SRB,1999,NAN,NAN,48.706,66.252,NAN,NAN,39.39145437,55.7016706
234,SRB,2000,NAN,NAN,48.322,65.901,NAN,NAN,40.8943313,57.11606029
235,SRB,2001,NAN,NAN,47.932,65.535,NAN,NAN,43.72289006,59.5161257
236,SRB,2002,NAN,NAN,47.602,65.213,NAN,NAN,46.55144882,61.9161911
237,SRB,2003,NAN,NAN,47.381,64.993,NAN,NAN,52.06529554,66.65416463
238,SRB,2004,NAN,NAN,46.984,64.578,NAN,NAN,57.57914225,71.39213816
239,SRB,2005,NAN,NAN,44.588,62.983,NAN,NAN,63.09298897,76.13011169
240,SRB,2006,0.235,NAN,42.531,60.111,12,88,68.60683568,80.86808523
241,SRB,2007,0.199,NAN,42.809,59.705,20.4,79.6,74.1206824,85.60605876
242,SRB,2008,0.196,NAN,43.285,60.224,21.6,78.4,79.63452911,90.34403229
243,SRB,2009,0.195,NAN,41.248,57.513,21.6,78.4,80.07038116,90.71289825
244,SRB,2010,0.194,NAN,38.974,55.406,21.6,78.4,80.73130035,91.08528137
245,SRB,2011,0.192,NAN,37.933,55.497,22,78,79.81268311,89.80860138
246,SRB,2012,0.166,NAN,38.249,55.675,33.2,66.8,80.69165039,90.12955475
247,SRB,2013,0.161,NAN,40.4,57.039,33.2,66.8,81.57061768,90.45050812
248,SRB,2014,0.159,NAN,43.78,60.604,34,66,82.34304047,91.5859375
249,SRB,2015,0.159,NAN,43.424,60.26,34,66,84.64270782,93.01815033
250,SRB,2016,0.145,NAN,45.406,61.744,34,66,85.71534729,93.61316681
251,SRB,2017,0.138,NAN,46.255,62.163,34.4,65.6,86.30764771,93.61760712
252,SRB,2018,0.132,NAN,46.654,62.812,34.4,65.6,87.44124985,94.45916367
253,SRB,2019,0.128,NAN,47.062,62.669,37.65182186,62.34817814,88.57485199,95.30072021
254,SRB,2020,0.129,NAN,46.483,61.904,38.8,61.2,88.57485199,95.30072021
255,SRB,2021,0.131,36,46.618,62.272,39.2,60.8,88.57485199,95.30072021
256,ZAF,1990,0.511,NAN,44.166,73.898,23.67346939,76.32653061,36.46976374,38.56732172
257,ZAF,1991,0.502,NAN,44.325,73.527,23.67346939,76.32653061,39.09976686,40.90970092
258,ZAF,1992,0.496,NAN,44.501,73.109,23.67346939,76.32653061,41.72976999,43.25208012
259,ZAF,1993,0.489,NAN,44.693,72.637,23.67346939,76.32653061,44.35977312,45.59445932
260,ZAF,1994,0.482,NAN,44.906,72.093,23.67346939,76.32653061,46.98977624,47.93683852
261,ZAF,1995,0.476,NAN,45.138,71.472,23.67346939,76.32653061,51.23590824,50.27921772
262,ZAF,1996,0.472,NAN,45.349,70.88,23.67346939,76.32653061,50.06875709,51.52077509
263,ZAF,1997,0.468,NAN,45.569,70.252,23.67346939,76.32653061,50.51773481,52.76233246
264,ZAF,1998,0.461,NAN,45.804,69.58,27.31277533,72.68722467,50.96671254,54.00388983
265,ZAF,1999,0.459,NAN,46.057,68.862,30.17621145,69.82378855,51.41569026,55.2454472
266,ZAF,2000,0.459,NAN,46.327,68.106,30.08849558,69.91150442,51.86466798,56.48700457
267,ZAF,2001,0.461,NAN,46.543,67.512,27.86885246,72.13114754,53.60639191,57.92906189
268,ZAF,2002,0.459,NAN,46.775,66.878,27.86885246,72.13114754,59.74520874,63.35258865
269,ZAF,2003,0.463,NAN,47.014,66.232,27.86885246,72.13114754,61.61511993,66.84281921
270,ZAF,2004,0.459,NAN,47.239,65.627,31.34328358,68.65671642,62.90370178,66.10935211
271,ZAF,2005,0.454,NAN,47.436,65.1,32.81938326,67.18061674,63.1125412,68.13192749
272,ZAF,2006,0.456,NAN,47.581,64.712,32.81938326,67.18061674,64.01654816,69.02718353
273,ZAF,2007,0.452,NAN,47.694,64.411,33.92070485,66.07929515,65.52774048,69.30097961
274,ZAF,2008,0.463,NAN,47.778,64.186,33.92070485,66.07929515,65.45552826,70.90782166
275,ZAF,2009,0.443,NAN,46.12,62.171,42.73127753,57.26872247,69.81381989,74.30407715
276,ZAF,2010,0.44,NAN,44.514,60.389,42.73127753,57.26872247,70.21943665,74.53420258
277,ZAF,2011,0.441,NAN,44.917,59.76,41.05960265,58.94039735,71.77960968,74.67768097
278,ZAF,2012,0.432,NAN,45.114,60.248,41.05960265,58.94039735,73.61736298,77.25598907
279,ZAF,2013,0.431,NAN,46.076,60.407,41.05960265,58.94039735,74.38504791,77.7181282
280,ZAF,2014,0.433,NAN,46.304,60.638,40.74889868,59.25110132,75.15273285,78.18026733
281,ZAF,2015,0.427,NAN,47.564,61.941,41.18942731,58.81057269,75.4328537,79.1177063
282,ZAF,2016,0.418,NAN,47.579,62.177,41.18942731,58.81057269,73.28653336,76.37356949
283,ZAF,2017,0.407,NAN,48.464,62.588,41.03139013,58.96860987,71.14021301,73.62943268
284,ZAF,2018,0.405,NAN,48.37,62.286,41.8344519,58.1655481,70.01896286,80.64782715
285,ZAF,2019,0.41,NAN,48.453,62.433,45.33333333,54.66666667,68.89771271,87.66622162
286,ZAF,2020,0.408,NAN,44.044,57.394,45.69536424,54.30463576,68.89771271,87.66622162
287,ZAF,2021,0.405,97,46.212,59.883,45.98214286,54.01785714,68.89771271,87.66622162
288,PAK,1990,0.811,NAN,11.226,84.259,2.631578947,97.36842105,3.876219768,19.21013524
289,PAK,1991,0.795,NAN,13.806,82.607,2.631578947,97.36842105,4.206541105,19.66036155
290,PAK,1992,0.791,NAN,13.817,82.673,2.631578947,97.36842105,4.536862442,20.11058786
291,PAK,1993,0.786,NAN,14.184,81.487,2.631578947,97.36842105,4.867183778,20.56081416
292,PAK,1994,0.782,NAN,14.48,81.188,2.631578947,97.36842105,5.197505115,21.01104047
293,PAK,1995,0.786,NAN,12.552,81.522,2.631578947,97.36842105,5.527826452,21.46126678
294,PAK,1996,0.779,NAN,13.702,82.212,2.631578947,97.36842105,5.86488904,21.98629107
295,PAK,1997,0.77,NAN,14.929,82.834,2.631578947,97.36842105,6.201951629,22.51131535
296,PAK,1998,0.775,NAN,15.236,82.285,1.973684211,98.02631579,6.539014218,23.03633964
297,PAK,1999,0.769,NAN,15.675,82.382,1.973684211,98.02631579,6.876076806,23.56136393
298,PAK,2000,0.764,NAN,16.123,82.467,1.973684211,98.02631579,7.213139395,24.08638822
299,PAK,2001,0.76,NAN,16.167,82.529,1.973684211,98.02631579,8.007483562,25.70173692
300,PAK,2002,0.756,NAN,16.212,82.587,1.973684211,98.02631579,8.801827729,27.31708562
301,PAK,2003,0.651,NAN,16.975,82.201,20.81447964,79.18552036,9.596171896,28.93243432
302,PAK,2004,0.642,NAN,17.758,81.791,20.58823529,79.41176471,10.39051606,30.54778301
303,PAK,2005,0.633,NAN,18.328,80.627,20.58823529,79.41176471,11.18486023,32.16313171
304,PAK,2006,0.614,NAN,18.924,79.435,20.36199095,79.63800905,19.91488075,44.04224014
305,PAK,2007,0.611,NAN,19.286,79.175,20.13574661,79.86425339,19.08701038,43.57427025
306,PAK,2008,0.602,NAN,19.824,78.762,21.23287671,78.76712329,18.25914001,43.10630035
307,PAK,2009,0.591,NAN,20.952,78.624,21.04072398,78.95927602,19.78022003,43.62115097
308,PAK,2010,0.582,NAN,22.004,78.555,21.04072398,78.95927602,20.67873955,44.90626907
309,PAK,2011,0.577,NAN,22.186,77.948,21.26696833,78.73303167,19.3108902,46.0934906
310,PAK,2012,0.563,NAN,22.464,78.366,21.07623318,78.92376682,24.3660202,45.12879181
311,PAK,2013,0.561,NAN,22.745,78.782,19.67213115,80.32786885,25.21694946,45.21171188
312,PAK,2014,0.555,NAN,22.944,77.726,19.67213115,80.32786885,26.97026062,47.25516129
313,PAK,2015,0.547,NAN,23.936,78.795,20.04504505,79.95495495,26.97026062,47.25516129
314,PAK,2016,0.545,NAN,23.112,78.905,20.04504505,79.95495495,26.97026062,47.25516129
315,PAK,2017,0.543,NAN,22.302,78.991,20.04504505,79.95495495,27.56917,45.65945053
316,PAK,2018,0.542,NAN,21.508,79.057,20,80,15.74960041,24.00904083
317,PAK,2019,0.534,NAN,21.418,79.051,20,80,22.06782913,28.67371941
318,PAK,2020,0.535,NAN,20.609,77.719,19.95515695,80.04484305,22.06782913,28.67371941
319,PAK,2021,0.534,135,20.727,78.079,19.90950226,80.09049774,22.06782913,28.67371941
